<?xml version="1.0" encoding="utf-8"?>
<Context Name="FrontEnd" ColorSet="Beige_Black_Alpha" Font="TwCenMT22" FontStyle="Shadow" >

	<AlphaAnim ID="Timer" Speed="0.1" Pause="0" Cycle="Bounce" Stopped="1" />
	<Image ID="AtlasLogo" Anchor="C,C" Sampler="Linear" />
	<Image ID="Civ5Logo" Anchor="R,T" />
	<Button ID="Button" Size="F.F" />

	<LuaContext ID="EUI" FileName="EUI_context" Hidden="1" />
	<LuaContext ID="MainMenu" FileName="MainMenu" Hidden="1" />
	<LuaContext ID="ContentSwitch" FileName="ContentSwitch" Hidden="1" />
	<LuaContext FileName="FrontEndPopup" Hidden="1" />
	<LuaContext FileName="ExitConfirm" Hidden="1" />
</Context>
