<?xml version="1.0" encoding="utf-8"?>
<Context ColorSet="Beige_Black" Font="TwCenMT22" FontStyle="Shadow">

	<Container ID="Scrap" Hidden="1" />

	<Instance Name="LoadButton" >
		<GridButton ID="Button" Size="460,32" Style="ZoomButton" >
			<ShowOnMouseOver>
				<AlphaAnim Size="460,32" Pause="0" Cycle="Bounce" Speed="1" AlphaStart="2" AlphaEnd="1">
					<Grid Size="460,32" Style="Grid9FrameTurnsHL" />
				</AlphaAnim>
			</ShowOnMouseOver>
			<!-- Selected State -->
			<Grid ID="SelectHighlight" Anchor="C,C" Size="460,32" Style="Grid9FrameTurns" Hidden="1" >
				<!--Button ID="Start" Anchor="L,C" Offset="4,-1" Size="32,32" Texture="IconFrame32Check.dds" ToolTip="[COLOR_GREEN]{TXT_KEY_LOAD_GAME:upper}" />
				<!-- Delete Button -->
				<Button ID="Delete" Anchor="R,C" Offset="4,-1" Size="32,32" Texture="IconFrame32Delete.dds" ToolTip="[COLOR_RED]{TXT_KEY_DELETE_BUTTON:upper}" />
			</Grid>
			<Label ID="ButtonText" Anchor="C,C" String="TXT_KEY_DELETE_BUTTON" Font="TwCenMT20" ColorSet="Beige_Black_Alpha" FontStyle="Shadow" />
		</GridButton>
	</Instance>

	<Box ID="BGBlock" Style="BGBlock" />

	<Container ID="MainSelection" Size="1024,700" Anchor="C.C" >
		<Grid Size="960,658" Anchor="C,C" Offset="0,36" Style="Grid9DetailFive140" ConsumeMouse="1">

			<!-- Side treatments -->
			<Box Style="MenuLeftSideTreatment"/>
			<Box Style="MenuRightSideTreatment"/>

			<Box Style="MenuTopTreatment"/>
			<Box Style="MenuBottomTreatment"/>

			<!-- Screen Title -->
			<Label Style="MenuTitleCaption" String="{TXT_KEY_LOAD_GAME:upper}" />

			<!-- File List -->
			<Grid Anchor="R,T" Offset="48,55" Size="490,552" Style="Grid9Frame" >
				<Label ID="NoGames" Anchor="C,C" Font="TwCenMT24" ColorSet="Beige_Black_Alpha" FontStyle="Shadow" String="{TXT_KEY_NO_SAVED_GAMES:upper}" />
				<ScrollPanel ID="ScrollPanel" Anchor="C,C" Size="490,544" Vertical="1" AutoScrollBar="1" >
					<Stack ID="LoadFileButtonStack" Anchor="C,T" StackGrowth="Bottom" />
					<!-- Scroll Controls -->
					<ScrollBar Style="VertSlider" Length="508" Anchor="R,C" AnchorSide="O,I" />
					<UpButton Style="ScrollBarUp" Anchor="R,T" AnchorSide="O,I" />
					<DownButton Style="ScrollBarDown" Anchor="R,B" AnchorSide="O,I" />
				</ScrollPanel>
			</Grid>

			<Stack Offset="48,55" StackGrowth="D" Padding="9">
				<!-- file details -->
				<Box ID="DetailsBox" Size="350,404" Color="255,255,255,0" >
					<Image ID="LargeMapImage" Anchor="C,C" Color="White.36" Size="360,410" Texture="MapAmerica512.dds"/>
					<Grid Anchor="C,C" Size="354,404" Style="Grid9Frame" />

					<Image Size="128,128" Texture="LeaderPortraits1024Frame.dds" >
						<Image ID="Portrait" Anchor="C,C" Size="128,128" Texture="LeaderPortraits1024.dds" />
					</Image>

					<Stack Offset="12,122" Padding="8" StackGrowth="Bottom" >
						<Label ID="SaveFileName" Anchor="L,C" Font="TwCenMT22" ColorSet="Beige_Black_Alpha" FontStyle="Shadow" String="Saved Game Name Alpha 001" TruncateWidth="305"/>
						<Image Anchor="L,C" Texture="bar340x2.dds" Size="340.1"/>
						<Label ID="Title" Anchor="L,C" Font="TwCenMT18" ColorSet="Beige_Black_Alpha" FontStyle="Shadow" String="Washington - America" TruncateWidth="305"/>
						<Label ID="TimeSaved" Anchor="L,C" Font="TwCenMT18" ColorSet="Beige_Black_Alpha" FontStyle="Shadow" String="October 24, 1972 10:32 A.M." TruncateWidth="305"/>
						<Label ID="EraTurn" Anchor="L,C" Font="TwCenMT18" ColorSet="Beige_Black_Alpha" FontStyle="Shadow" String="Ancient Era: (64 Turns)" TruncateWidth="305"/>
						<Label ID="StartEra" Anchor="L,C" Font="TwCenMT18" ColorSet="Beige_Black_Alpha" FontStyle="Shadow" String="Ancient Era: (64 Turns)" TruncateWidth="305"/>
						<Label ID="GameType" Anchor="L,C" Font="TwCenMT18" ColorSet="Beige_Black_Alpha" FontStyle="Shadow" TruncateWidth="305"/>
					</Stack>

					<TextButton ID="ShowDLCButton" Anchor="L,B" Offset="10,90" Style="Font16or20" ColorSet="Beige_Black_Alpha" String="TXT_KEY_LOAD_MENU_DLC" FontStyle="Shadow" MouseOverStyle="SoftShadow" ConsumeMouse="1" />
					<TextButton ID="ShowModsButton" Anchor="R,B" Offset="10,90" Style="Font16or20" ColorSet="Beige_Black_Alpha" String="TXT_KEY_LOAD_MENU_MODS" FontStyle="Shadow" MouseOverStyle="SoftShadow" ConsumeMouse="1" />

					<Image Anchor="C,B" Offset="0,84" Texture="bar340x2.dds" Size="340.1"/>
					<Image Anchor="C,B" Offset="0,84" Texture="bar340x2.dds" Size="340.1"/>

					<Stack Anchor="C,B" Offset="0,12" StackGrowth="Right" >
						<Image Anchor="L,C" Size="64,64" Texture="IconFrame64.dds" ToolTip="TXT_KEY_MULTIPLAYER_STAGING_ROOM_HEADER_CIVILIZATION" >
							<Image ID="PlayerCivilization" Size="64,64" Anchor="C,C" Texture="CivSymbolsColor512.dds" />
							<Label Anchor="L,C" Offset="64,0" Font="TwCenMT22" ColorSet="Beige_Black_Alpha" FontStyle="Shadow" String="" />
						</Image>

						<Image Anchor="L,C" Size="64,64" Texture="IconFrame64.dds" ToolTip="TXT_KEY_AD_SETUP_MAP_TYPE" >
							<Image ID="MapType" Anchor="C,C" Size="64,64" Texture="MapTypeIcons256.dds" />
							<Label Anchor="L,C" Offset="64,0" Font="TwCenMT22" ColorSet="Beige_Black_Alpha" FontStyle="Shadow" String="" />
						</Image>

						<Image Anchor="L,C" Size="64,64" Texture="IconFrame64.dds" ToolTip="TXT_KEY_AD_SETUP_MAP_SIZE" >
							<Image ID="WorldSize" Anchor="C,C" Size="64,64" Texture="MapSizeIcons256.dds" />
							<Label Anchor="L,C" Offset="64,0" Font="TwCenMT22" ColorSet="Beige_Black_Alpha" FontStyle="Shadow" String="" />
						</Image>

						<Image Anchor="L,C" Size="64,64" Texture="IconFrame64.dds" ToolTip="TXT_KEY_AD_SETUP_HANDICAP" >
							<Image ID="Difficulty" Anchor="C,C" Size="64,64" Texture="DifficultyLevelIcons256.dds"/>
							<Label Anchor="L,C" Offset="64,0" Font="TwCenMT22" ColorSet="Beige_Black_Alpha" FontStyle="Shadow" String="" />
						</Image>

						<Image Anchor="L,C" Size="64,64" Texture="IconFrame64.dds" ToolTip="TXT_KEY_GAME_SPEED" >
							<Image ID="GameSpeed" Anchor="C,C" Size="64,64" Texture="GameSpeedIcons256.dds"/>
							<Label Anchor="L,C" Offset="64,0" Font="TwCenMT22" ColorSet="Beige_Black_Alpha" FontStyle="Shadow" String="" />
						</Image>
					</Stack>
					<Label ID="Warning" Anchor="C,B" Offset="0,110" />
				</Box>
				<!-- Game type -->
				<PullDown ID="GameTypePulldown" Anchor="C,T" Style="GenericPullDown" Size="290,27" AutoSizePopUp="1" />
				<!-- Sort type -->
				<PullDown ID="SortByPullDown" Anchor="C,T" Style="GenericPullDown" Size="290,27" AutoSizePopUp="1" />
				<!-- Save type -->
				<CheckBox ID="AutoCheck" Anchor="C,T" Offset="50,0" String="TXT_KEY_AUTOSAVES" TextAnchor="L,C"  IsChecked="0" />
				<!-- Back Button -->
				<GridButton ID="BackButton" Anchor="C,T" Style="SmallButton" Size="150,32" String="TXT_KEY_BACK_BUTTON" Font="TwCenMT18" ColorSet="Beige_Black_Alpha" FontStyle="Shadow" />
			</Stack>
		</Grid>
	</Container>

	<Box ID="DeleteConfirm" Color="Black.200" Size="Full.Full" ConsumeMouseOver="1" Hidden="1" >
		<Grid Size="500,360" Anchor="C,C" Padding="0,20" Style="Grid9DetailFive140" >
			<!-- Side treatments -->
			<Box Style="PopupLeftSideTreatment"/>
			<Box Style="PopupRightSideTreatment"/>
			<Box Style="PopupNotificationTopTreatment"/>
			<Label Anchor="C,T" Offset="0,74" WrapWidth="440" String="TXT_KEY_CONFIRM_TXT" Font="TwCenMT22" ColorSet="Beige_Black_Alpha" FontStyle="Shadow" />
			<Stack ID="ButtonStack" Anchor="C,B" Offset="0,80" Padding="24" StackGrowth="Bottom">
				<GridButton ID="Yes" Style="BaseButton" Size="400,42" String="TXT_KEY_YES_BUTTON" ColorSet="Beige_Black" Font="TwCenMT24" FontStyle="Shadow" />
				<GridButton ID="No" Style="BaseButton" Size="400,42" String="TXT_KEY_NO_BUTTON" ColorSet="Beige_Black" Font="TwCenMT24" FontStyle="Shadow" />
			</Stack>
		</Grid>
	</Box>

</Context>
