<?xml version="1.0" encoding="utf-8"?>
<Context ColorSet="Beige_Black_Alpha" Font="TwCenMT22" FontStyle="Shadow" Name="MainMenu" >

	<Instance Name="MenuButton320">
		<GridButton ID="Button" Size="320,45" >
			<GridData Style="Grid9FrameTurnsButton" />
			<ShowOnMouseOver>
				<AlphaAnim Size="320,48" Pause="0" Cycle="Bounce" Speed="1" AlphaStart="1.5" AlphaEnd="1">
					<Grid Size="320,48" Offset="0,-2" Style="Grid9FrameTurnsHL" />
				</AlphaAnim>
				<AlphaAnim Size="320,48" Pause="0" Cycle="Once" Speed="1" AlphaStart=".2" AlphaEnd="0">
					<Image Anchor="R,C" AnchorSide="O.I" Texture="WindowGlowRight.dds" Size="42,86" />
					<Image Anchor="L,C" AnchorSide="O.I" Texture="WindowGlowLeft.dds" Size="42,86" />
				</AlphaAnim>
			</ShowOnMouseOver>
			<Image ID="Trim" Anchor="C,T" AnchorSide="I.O" Texture="bar300x2.dds" Size="300.1" />
		</GridButton>
	</Instance>

	<!-- Version Information -->
	<Label ID="VersionNumber" Anchor="C,B" Offset="0,12" String="InvalidVersionNumber" Font="TwCenMT16"/>
	<Button ID="TouchHelpButton" Anchor="R,B" Size="128,128" TextureOffset="384,128" ToolTip="TXT_KEY_TOUCH_HELP" Texture="Civ5_TouchIconAtlas_128.dds" NoStateChange="1" />

	<Grid ID="MenuContainer" Size="480,480" Anchor="C,C" Offset="0.32" Style="Grid9Detail140" >
		<Box Color="Black.200" Anchor="C,T" Offset="0.44" Size="320.393" >
			<Grid Size="48,393" Anchor="L,T" AnchorSide="O.I" Style="WindowGrid" />
			<Grid Size="48,393" Anchor="R,T" AnchorSide="O.I" Style="WindowGrid" />
		</Box>
		<Image Anchor="C,T" Offset="0,-33" AnchorSide="O.O" Texture="topframe.dds" Size="512,128" />
		<Image Anchor="C,B" Offset="0,-109" AnchorSide="O.O" Texture="bottomframe.dds" Size="512,128" />

		<Label Style="MenuTitleCaption" String="TXT_KEY_MODDING_MAINMENU" />
		<Stack ID="MainStack" Anchor="C,T" Offset="0,60" Size="320,1" StackGrowth="Bottom" />
	
		<Image Anchor="C,T" Offset="-184,44" Texture="WindowTrimLeft.dds" Size="98,394" />
		<Image Anchor="C,T" Offset="184,44" Texture="WindowTrimRight.dds" Size="98,394" />
	</Grid>

	<!-- Child Screens -->
	<LuaContext ID="OptionsMenu_FrontEnd" FileName="OptionsMenu" Hidden="1" />
	<LuaContext ID="SinglePlayerScreen" FileName="SinglePlayer" Hidden="1"/>
	<LuaContext ID="MultiplayerSelectScreen" FileName="MultiplayerSelect" Hidden="1"/>
	<LuaContext ID="ModsBrowser" FileName="ModsBrowser" Hidden="1" DeferLoad="0" />
	<LuaContext ID="ModdingGameSetupScreen" FileName="GameSetupScreen" Hidden="1" />
	<LuaContext ID="ModsCustom" FileName="CustomMod" Hidden="1" />
	<LuaContext ID="Other" FileName="OtherMenu" Hidden="1" />
	<LuaContext ID="JoinScreen" FileName="JoiningRoom" Hidden="1" />
	<LuaContext ID="StagingRoomScreen" FileName="StagingRoom" DeferLoad="1" Hidden="1" />
	<LuaContext ID="PremiumContentScreen" FileName="PremiumContentMenu" Hidden="1" />
	<LuaContext ID="DedicatedServerScreen" FileName="DedicatedServer" Hidden="1"/>
	<LuaContext ID="TouchControlsMenu" FileName="TouchControlsMenu" DeferLoad="1" Hidden="1" />

</Context>
